Name,Full name,Player ID,Full link
ZywOo,Mathieu 'ZywOo' Herbaut,11893,https://www.hltv.org/player/11893/zywoo
iM,Mihai 'iM' Ivan,14759,https://www.hltv.org/player/14759/im
Spinx,Lotan 'Spinx' Giladi,18221,https://www.hltv.org/player/18221/spinx
NAF,Keith 'NAF' Markovic,8520,https://www.hltv.org/player/8520/naf
YEKINDAR,Mareks 'YEKINDAR' GaÄ¼inskis,13915,https://www.hltv.org/player/13915/yekindar
broky,Helvijs 'broky' Saukants,18053,https://www.hltv.org/player/18053/broky
stavn,Martin 'stavn' Lund,10994,https://www.hltv.org/player/10994/stavn
NiKo,Nikola 'NiKo' KovaÄ,3741,https://www.hltv.org/player/3741/niko
headtr1ck,Daniil 'headtr1ck' Valitov,19592,https://www.hltv.org/player/19592/headtr1ck
ropz,Robin 'ropz' Kool,11816,https://www.hltv.org/player/11816/ropz
cadiaN,Casper 'cadiaN' MÃ¸ller,7964,https://www.hltv.org/player/7964/cadian
BOROS,Mohammad 'BOROS' Malhas,19763,https://www.hltv.org/player/19763/boros
NertZ,Guy 'NertZ' Iluz,9436,https://www.hltv.org/player/9436/nertz
Magisk,Emil 'Magisk' Reif,9032,https://www.hltv.org/player/9032/magisk
jks,Justin 'jks' Savage,4679,https://www.hltv.org/player/4679/jks
gxx-,Genc 'gxx-' Kolgeci,19725,https://www.hltv.org/player/19725/gxx
mezii,William 'mezii' Merriman,18462,https://www.hltv.org/player/18462/mezii
juanflatroo,Flatron 'juanflatroo' Halimi,17147,https://www.hltv.org/player/17147/juanflatroo
oSee,Josh 'oSee' Ohm,13249,https://www.hltv.org/player/13249/osee
dupreeh,Peter 'dupreeh' Rasmussen,7398,https://www.hltv.org/player/7398/dupreeh
CYPHER,Cai 'CYPHER' Watson,18571,https://www.hltv.org/player/18571/cypher
m0NESY,Ilya 'm0NESY' Osipov,19230,https://www.hltv.org/player/19230/m0nesy
acoR,Frederik 'acoR' Gyldstrand,10330,https://www.hltv.org/player/10330/acor
jkaem,Joakim 'jkaem' Myrbostad,8248,https://www.hltv.org/player/8248/jkaem
CRUC1AL,Joey 'CRUC1AL' Steusel,7996,https://www.hltv.org/player/7996/cruc1al
sdy,Viktor 'sdy' Orudzhev,12731,https://www.hltv.org/player/12731/sdy
Brollan,Ludvig 'Brollan' Brolin,13666,https://www.hltv.org/player/13666/brollan
Perfecto,Ilya 'Perfecto' Zalutskiy,16947,https://www.hltv.org/player/16947/perfecto
s1mple,Oleksandr 's1mple' Kostyliev,7998,https://www.hltv.org/player/7998/s1mple
huNter-,Nemanja 'huNter-' KovaÄ,3972,https://www.hltv.org/player/3972/hunter
nawwk,Tim 'nawwk' Jonasson,13670,https://www.hltv.org/player/13670/nawwk
Woro2k,Volodymyr 'Woro2k' Veletniuk,16885,https://www.hltv.org/player/16885/woro2k
jabbi,Jakob 'jabbi' Nygaard,17956,https://www.hltv.org/player/17956/jabbi
apEX,Dan 'apEX' Madesclaire,7322,https://www.hltv.org/player/7322/apex
nicoodoz,Nico 'nicoodoz' Tamjidi,13602,https://www.hltv.org/player/13602/nicoodoz
DemQQ,Sergiy 'DemQQ' Demchenko,19733,https://www.hltv.org/player/19733/demqq
siuhy,Kamil 'siuhy' Szkaradek,16820,https://www.hltv.org/player/16820/siuhy
electroNic,Denis 'electroNic' Sharipov,8918,https://www.hltv.org/player/8918/electronic
volt,Sebastian 'volt' MaloÈ™,20358,https://www.hltv.org/player/20358/volt
rallen,Karol 'rallen' Rodowicz,5388,https://www.hltv.org/player/5388/rallen
Aleksib,Aleksi 'Aleksib' Virolainen,9816,https://www.hltv.org/player/9816/aleksib
REZ,Fredrik 'REZ' Sterner,9278,https://www.hltv.org/player/9278/rez
isak,Isak 'isak' FahlÃ©n,17937,https://www.hltv.org/player/17937/isak
nitr0,Nick 'nitr0' Cannella,7687,https://www.hltv.org/player/7687/nitr0
kRaSnaL,Szymon 'kRaSnaL' Mrozek,20282,https://www.hltv.org/player/20282/krasnal
Twistzz,Russel 'Twistzz' Van Dulken,10394,https://www.hltv.org/player/10394/twistzz
kyxsan,Damjan 'kyxsan' Stoilkovski,19677,https://www.hltv.org/player/19677/kyxsan
b1t,Valeriy 'b1t' Vakhovskiy,18987,https://www.hltv.org/player/18987/b1t
sjuush,Rasmus 'sjuush' Beck,14148,https://www.hltv.org/player/14148/sjuush
TeSeS,RenÃ© 'TeSeS' Madsen,12018,https://www.hltv.org/player/12018/teses
rain,HÃ¥vard 'rain' Nygaard,8183,https://www.hltv.org/player/8183/rain
Goofy,Krzysztof 'Goofy' GÃ³rski,15428,https://www.hltv.org/player/15428/goofy
KSCERATO,Kaike 'KSCERATO' Cerato,15631,https://www.hltv.org/player/15631/kscerato
rigoN,Rigon 'rigoN' Gashi,12708,https://www.hltv.org/player/12708/rigon
roeJ,Fredrik 'roeJ' JÃ¸rgensen,14419,https://www.hltv.org/player/14419/roej
sinnopsyy,Dionis 'sinnopsyy' Budeci,18120,https://www.hltv.org/player/18120/sinnopsyy
STYKO,Martin 'STYKO' Styk,6904,https://www.hltv.org/player/6904/styko
KRIMZ,Freddy 'KRIMZ' Johansson,7528,https://www.hltv.org/player/7528/krimz
jL,Justinas 'jL' Lekavicius,19206,https://www.hltv.org/player/19206/jl
EliGE,Jonathan 'EliGE' Jablonowski,8738,https://www.hltv.org/player/8738/elige
FASHR,Dion 'FASHR' Derksen,11954,https://www.hltv.org/player/11954/fashr
dycha,PaweÅ‚ 'dycha' Dycha,16080,https://www.hltv.org/player/16080/dycha
SENER1,Sener 'SENER1' Mahmuti,15778,https://www.hltv.org/player/15778/sener1
Thomas,Thomas 'Thomas' Utting,13018,https://www.hltv.org/player/13018/thomas
k0nfig,Kristian 'k0nfig' Wienecke,9078,https://www.hltv.org/player/9078/k0nfig
SunPayus,Alvaro 'SunPayus' Garcia,19164,https://www.hltv.org/player/19164/sunpayus
hades,Olek 'hades' Miskiewicz,16848,https://www.hltv.org/player/16848/hades
arT,Andrei 'arT' Piovezan,12521,https://www.hltv.org/player/12521/art
Keoz,Nicolas 'Keoz' Dgus,15117,https://www.hltv.org/player/15117/keoz
Maden,Pavle 'Maden' BoÅ¡koviÄ‡,11777,https://www.hltv.org/player/11777/maden
karrigan,Finn 'karrigan' Andersen,429,https://www.hltv.org/player/429/karrigan
Kylar,Kacper 'Kylar' Walukiewicz,19114,https://www.hltv.org/player/19114/kylar
HooXi,Rasmus 'HooXi' Nielsen,10096,https://www.hltv.org/player/10096/hooxi
yuurih,Yuri 'yuurih' Santos,12553,https://www.hltv.org/player/12553/yuurih
Snappi,Marco 'Snappi' Pfeiffer,922,https://www.hltv.org/player/922/snappi
npl,Andrii 'npl' Kukharskyi,21708,https://www.hltv.org/player/21708/npl
mynio,Wiktor 'mynio' Kruk,4829,https://www.hltv.org/player/4829/mynio
saffee,Rafael 'saffee' Costa,18835,https://www.hltv.org/player/18835/saffee
KEi,Kamil 'KEi' Pietkun,17504,https://www.hltv.org/player/17504/kei
drop,AndrÃ© 'drop' Abreu,19750,https://www.hltv.org/player/19750/drop
sh1ro,Dmitry 'sh1ro' Sokolov,16920,https://www.hltv.org/player/16920/sh1ro
Jame,Dzhami 'Jame' Ali,13776,https://www.hltv.org/player/13776/jame
FL1T,Evgenii 'FL1T' Lebedev,12732,https://www.hltv.org/player/12732/fl1t
fame,Petr 'fame' Bolyshev,20101,https://www.hltv.org/player/20101/fame
Zyphon,Rasmus 'Zyphon' Nordfoss,20090,https://www.hltv.org/player/20090/zyphon
w0nderful,Ihor 'w0nderful' Zhdanov,20127,https://www.hltv.org/player/20127/w0nderful
frozen,David 'frozen' ÄŒerÅˆanskÃ½,9960,https://www.hltv.org/player/9960/frozen
Ax1Le,Sergey 'Ax1Le' Rykhtorov,16555,https://www.hltv.org/player/16555/ax1le
Patsi,Robert 'Patsi' Isyanov,19673,https://www.hltv.org/player/19673/patsi
magixx,Boris 'magixx' Vorobiev,18317,https://www.hltv.org/player/18317/magixx
HObbit,Abay 'HObbit' Khassenov,8528,https://www.hltv.org/player/8528/hobbit
nafany,Vladislav 'nafany' Gorshkov,16921,https://www.hltv.org/player/16921/nafany
chopper,Leonid 'chopper' Vishnyakov,7716,https://www.hltv.org/player/7716/chopper
n0rb3r7,David 'n0rb3r7' Danielyan,16612,https://www.hltv.org/player/16612/n0rb3r7
hampus,Hampus 'hampus' Poser,9766,https://www.hltv.org/player/9766/hampus
k1to,Nils 'k1to' Gruhne,12781,https://www.hltv.org/player/12781/k1to
s1ren,Pavel 's1ren' Ogloblin,18506,https://www.hltv.org/player/18506/s1ren
Staehr,Victor 'Staehr' Staehr,20304,https://www.hltv.org/player/20304/staehr
syrsoN,Florian 'syrsoN' Rische,7266,https://www.hltv.org/player/7266/syrson
valde,Valdemar 'valde' BjÃ¸rn VangsÃ¥,9031,https://www.hltv.org/player/9031/valde
torzsi,ÃdÃ¡m 'torzsi' TorzsÃ¡s,18072,https://www.hltv.org/player/18072/torzsi
s1n,Elias 's1n' Stein,20104,https://www.hltv.org/player/20104/s1n
Krimbo,Karim 'Krimbo' Moussa,19899,https://www.hltv.org/player/19899/krimbo
es3tag,Patrick 'es3tag' Hansen,8611,https://www.hltv.org/player/8611/es3tag
Qikert,Alexey 'Qikert' Golubev,13239,https://www.hltv.org/player/13239/qikert
xertioN,Dorian 'xertioN' Berman,20312,https://www.hltv.org/player/20312/xertion
JDC,Jon 'JDC' de Castro,14929,https://www.hltv.org/player/14929/jdc
dexter,Christopher 'dexter' Nong,9115,https://www.hltv.org/player/9115/dexter
interz,Timofey 'interz' Yakushin,15071,https://www.hltv.org/player/15071/interz
refrezh,Ismail 'refrezh' Ali,10610,https://www.hltv.org/player/10610/refrezh
lauNX,LaurenÈ›iu 'lauNX' ÈšÃ¢rlea,20761,https://www.hltv.org/player/20761/launx
tabseN,Johannes 'tabseN' Wodarz,5794,https://www.hltv.org/player/5794/tabsen
slaxz-,Fritz 'slaxz-' Dietrich,15370,https://www.hltv.org/player/15370/slaxz
fer,Fernando 'fer' Alvarenga,8564,https://www.hltv.org/player/8564/fer
degster,Abdul 'degster' Gasanov,17306,https://www.hltv.org/player/17306/degster
faveN,Josef 'faveN' Baumann,14932,https://www.hltv.org/player/14932/faven
VINI,Vinicius 'VINI' Figueiredo,12822,https://www.hltv.org/player/12822/vini
buster,Timur 'buster' Tulepov,11942,https://www.hltv.org/player/11942/buster
boltz,Ricardo 'boltz' Prass,8568,https://www.hltv.org/player/8568/boltz
FalleN,Gabriel 'FalleN' Toledo,2023,https://www.hltv.org/player/2023/fallen
JACKZ,Audric 'JACKZ' Jug,284,https://www.hltv.org/player/284/jackz
Boombl4,Kirill 'Boombl4' Mikhailov,11840,https://www.hltv.org/player/11840/boombl4
misutaaa,KÃ©vin 'misutaaa' Rabier,14176,https://www.hltv.org/player/14176/misutaaa
Plopski,Nicolas 'Plopski' Gonzalez Zamora,14218,https://www.hltv.org/player/14218/plopski
tiziaN,Tizian 'tiziaN' Feldbusch,5796,https://www.hltv.org/player/5796/tizian
fnx,Lincoln 'fnx' Lau,557,https://www.hltv.org/player/557/fnx
shox,Richard 'shox' Papillon,1225,https://www.hltv.org/player/1225/shox
Bymas,Aurimas 'Bymas' Pipiras,19015,https://www.hltv.org/player/19015/bymas
nexa,Nemanja 'nexa' IsakoviÄ‡,9618,https://www.hltv.org/player/9618/nexa
El1an,Aleksei 'El1an' Gusev,13281,https://www.hltv.org/player/13281/el1an
AMANEK,FranÃ§ois 'AMANEK' Delaunay,9616,https://www.hltv.org/player/9616/amanek
device,Nicolai 'device' Reedtz,7592,https://www.hltv.org/player/7592/device
olofmeister,Olof 'olofmeister' Kajbjer,885,https://www.hltv.org/player/885/olofmeister
MICHU,MichaÅ‚ 'MICHU' MÃ¼ller,7356,https://www.hltv.org/player/7356/michu
Brehze,Vincent 'Brehze' Cayonte,9136,https://www.hltv.org/player/9136/brehze
Stewie2K,Jake 'Stewie2K' Yip,8797,https://www.hltv.org/player/8797/stewie2k
Forester,Igor 'Forester' Bezotecheskiy,13982,https://www.hltv.org/player/13982/forester
Lack1,Viktor 'Lack1' Boldyrev,13240,https://www.hltv.org/player/13240/lack1
gla1ve,Lukas 'gla1ve' Rossander,7412,https://www.hltv.org/player/7412/gla1ve
CeRq,Tsvetelin 'CeRq' Dimitrov,11219,https://www.hltv.org/player/11219/cerq
Krad,Vladislav 'Krad' Kravchenko,12027,https://www.hltv.org/player/12027/krad
Kyojin,Jayson 'Kyojin' Nguyen Van,19672,https://www.hltv.org/player/19672/kyojin
Lucky,Philip 'Lucky' Ewald,13843,https://www.hltv.org/player/13843/lucky
NickelBack,Aleksei 'NickelBack' Trofimov,11498,https://www.hltv.org/player/11498/nickelback
Grim,Michael 'Grim' Wince,13578,https://www.hltv.org/player/13578/grim
oBo,Owen 'oBo' Schlatter,14614,https://www.hltv.org/player/14614/obo
Xyp9x,Andreas 'Xyp9x' HÃ¸jsleth,4954,https://www.hltv.org/player/4954/xyp9x
LNZ,Linus 'LNZ' HoltÃ¤ng,19310,https://www.hltv.org/player/19310/lnz
doto,Joonas 'doto' Forss,9819,https://www.hltv.org/player/9819/doto
stanislaw,Peter 'stanislaw' Jarguz,8507,https://www.hltv.org/player/8507/stanislaw
allu,Aleksi 'allu' Jalli,695,https://www.hltv.org/player/695/allu
Kjaerbye,Markus 'Kjaerbye' KjÃ¦rbye,8394,https://www.hltv.org/player/8394/kjaerbye
sergej,Jere 'sergej' Salo,11916,https://www.hltv.org/player/11916/sergej
ottoNd,Otto 'ottoNd' Sihvo,11283,https://www.hltv.org/player/11283/ottond
flamie,Egor 'flamie' Vasilyev,7594,https://www.hltv.org/player/7594/flamie
Liazz,Jay 'Liazz' Tregillgas,10588,https://www.hltv.org/player/10588/liazz
tarik,Tarik 'tarik' Celik,8523,https://www.hltv.org/player/8523/tarik
gade,Nicklas 'gade' Gade,8875,https://www.hltv.org/player/8875/gade
ALEX,Alex 'ALEX' McMeekin,8184,https://www.hltv.org/player/8184/alex
woxic,Ã–zgÃ¼r 'woxic' Eker,8574,https://www.hltv.org/player/8574/woxic
aizy,Philip 'aizy' Aistrup,8095,https://www.hltv.org/player/8095/aizy
EspiranTo,Rokas 'EspiranTo' Milasauskas,12030,https://www.hltv.org/player/12030/espiranto
chrisJ,Chris 'chrisJ' de Jong,2730,https://www.hltv.org/player/2730/chrisj
Gratisfaction,Sean 'Gratisfaction' Kaiwai,9686,https://www.hltv.org/player/9686/gratisfaction
RpK,CÃ©dric 'RpK' Guipouy,7169,https://www.hltv.org/player/7169/rpk
SANJI,Sanjar 'SANJI' Kuliev,11716,https://www.hltv.org/player/11716/sanji
Aerial,Jani 'Aerial' Jussila,4076,https://www.hltv.org/player/4076/aerial
kennyS,Kenny 'kennyS' Schrub,7167,https://www.hltv.org/player/7167/kennys
AZR,Aaron 'AZR' Ward,8082,https://www.hltv.org/player/8082/azr
xseveN,Sami 'xseveN' Laasanen,7248,https://www.hltv.org/player/7248/xseven
Zeus,Danylo 'Zeus' Teslenko,484,https://www.hltv.org/player/484/zeus
JUGi,Jakob 'JUGi' Hansen,8783,https://www.hltv.org/player/8783/jugi
Ethan,Ethan 'Ethan' Arnold,10671,https://www.hltv.org/player/10671/ethan
Lekr0,Jonas 'Lekr0' Olofsson,9261,https://www.hltv.org/player/9261/lekr0
NEO,Filip 'NEO' Kubski,165,https://www.hltv.org/player/9261/lekr0
AdreN,Dauren 'AdreN' Kystaubayev,334,https://www.hltv.org/player/334/adren
GuardiaN,Ladislav 'GuardiaN' KovÃ¡cs,2757,https://www.hltv.org/player/2757/guardian
LUCAS1,Lucas 'LUCAS1' Teles,8566,https://www.hltv.org/player/8566/lucas1
TACO,Epitacio 'TACO' de Melo,9217,https://www.hltv.org/player/9217/taco
NBK-,Nathan 'NBK-' Schmitt,7168,https://www.hltv.org/player/7168/nbk
svyat,Svyatoslav 'svyat' Dovbakh,12016,https://www.hltv.org/player/12016/svyat
LETN1,Nestor 'LETN1' TaniÄ‡,4216,https://www.hltv.org/player/4216/letn1
speed4k,Anton 'speed4k' Titov,13155,https://www.hltv.org/player/13155/speed4k
GeT_RiGhT,Christopher 'GeT_RiGhT' Alesund,39,https://www.hltv.org/player/39/get-right
kinqie,Semyon 'kinqie' Lisitsyn,3459,https://www.hltv.org/player/3459/kinqie
Golden,Maikil 'Golden' Selim,11110,https://www.hltv.org/player/11110/golden
zews,Wilton 'zews' Prado,6608,https://www.hltv.org/player/6608/zews
f0rest,Patrik 'f0rest' Lindberg,29,https://www.hltv.org/player/29/f0rest
coldzera,Marcelo 'coldzera' David,9216,https://www.hltv.org/player/9216/coldzera
flusha,Robin 'flusha' RÃ¶nnquist,3055,https://www.hltv.org/player/3055/flusha
autimatic,Timothy 'autimatic' Ta,8735,https://www.hltv.org/player/8735/autimatic
nex,Nemanja 'nexa' IsakoviÄ‡,9618,https://www.hltv.org/player/9618/nexa
Edward,Ioann 'Edward' Sukhariev,483,https://www.hltv.org/player/483/edward
kioShiMa,Fabien 'kioShiMa' Fiey,4959,https://www.hltv.org/player/4959/kioshima
ShahZaM,Shahzeb 'ShahZaM' Khan,7810,https://www.hltv.org/player/7810/shahzam
ISSAA,Issa 'ISSAA' Murad,10449,https://www.hltv.org/player/10449/issaa
XANTARES,Ismailcan 'XANTARES' DÃ¶rtkardeÅŸ,7938,https://www.hltv.org/player/7938/xantares
RUSH,William 'RUSH' Wierzba,7805,https://www.hltv.org/player/7805/rush
felps,JoÃ£o 'felps' Vasconcellos,9219,https://www.hltv.org/player/9219/felps
FugLy,Jacob 'FugLy' Medina,8522,https://www.hltv.org/player/8522/fugly
Rickeh,Ricardo 'Rickeh' Mulholland,8745,https://www.hltv.org/player/8745/rickeh
n0thing,Jordan 'n0thing' Gilbert,203,https://www.hltv.org/player/203/n0thing
dephh,Rory 'dephh' Jackson,7873,https://www.hltv.org/player/203/n0thing
gob b,Fatih 'gob b' Dayik,136,https://www.hltv.org/player/136/gob-b
bodyy,Alexandre 'bodyy' Pianaro,8374,https://www.hltv.org/player/8374/bodyy
dennis,Dennis 'dennis' Edman,1146,https://www.hltv.org/player/1146/dennis
Zellsis,Jordan 'Zellsis' Montemurro,13188,https://www.hltv.org/player/13188/zellsis
KrizzeN,Aidyn 'KrizzeN' Turlybekov,12161,https://www.hltv.org/player/12161/krizzen
daps,Damian 'daps' Steele,8521,https://www.hltv.org/player/8521/daps
fitch,Bektiyar 'fitch' Bahytov,10052,https://www.hltv.org/player/10052/fitch
DeadFox,Bence 'DeadFox' BÃ¶rÃ¶cz,8716,https://www.hltv.org/player/8716/deadfox
ANGE1,Kirill 'ANGE1' Karasiow,339,https://www.hltv.org/player/339/ange1
smooya,Owen 'smooya' Butterfield,11271,https://www.hltv.org/player/11271/smooya
suNny,Miikka 'suNny' Kemppi,5479,https://www.hltv.org/player/5479/sunny
bondik,Vladyslav 'bondik' Nechyporchuk,2131,https://www.hltv.org/player/2131/bondik
BnTeT,Hansel 'BnTeT' Ferdinand,7131,https://www.hltv.org/player/7131/bntet
tonyblack,Anton 'tonyblack' Kolesnikov,1950,https://www.hltv.org/player/1950/tonyblack
ANDROID,Bradley 'ANDROID' Fodor,9043,https://www.hltv.org/player/9043/android
Skadoodle,Tyler 'Skadoodle' Latham,7440,https://www.hltv.org/player/7440/skadoodle
yay,YangYang 'ayaya' Zheng,10186,https://www.hltv.org/player/10186/ayaya
Kvik,Aurimas 'Kvik' KvakÅ¡ys,8459,https://www.hltv.org/player/8459/kvik
jR,Guilherme 'piriajr' Barbosa,18714,https://www.hltv.org/player/18714/piriajr
DD,Andreas 'MODDII' Fridh,545,https://www.hltv.org/player/545/moddii
xccurate,Kevin 'xccurate' Susanto,10263,https://www.hltv.org/player/10263/xccurate
draken,William 'draken' Sundin,9255,https://www.hltv.org/player/9255/draken
JW,Jesper 'JW' Wecksell,3849,https://www.hltv.org/player/3849/jw
jmqa,Savelii 'jmqa' Bragin,8368,https://www.hltv.org/player/8368/jmqa
oskar,TomÃ¡Å¡ 'oskar' Å Å¥astnÃ½,798,https://www.hltv.org/player/798/oskar
Xizt,Richard 'Xizt' LandstrÃ¶m,884,https://www.hltv.org/player/884/xizt
crush,Igor 'crush' Shevchenko,9348,https://www.hltv.org/player/9348/crush
SmithZz,Edouard 'SmithZz' Dubourdeaux,7170,https://www.hltv.org/player/7170/smithzz
balblna,Gregory 'balblna' Oleinick,8294,https://www.hltv.org/player/8294/balblna
waterfaLLZ,Nikita 'waterfaLLZ' Matveyev,8727,https://www.hltv.org/player/8727/waterfallz
hutji,Pavel 'hutji' Lashkov,8790,https://www.hltv.org/player/8790/hutji
Ex6TenZ,KÃ©vin 'Ex6TenZ' Droolans,7166,https://www.hltv.org/player/7166/ex6tenz
Snax,Janusz 'Snax' Pogorzelski,2553,https://www.hltv.org/player/2553/snax
somebody,HaoWen 'somebody' Xu,8605,https://www.hltv.org/player/8605/somebody
captainMo,Ke 'captainMo' Liu,5187,https://www.hltv.org/player/5187/captainmo
Dosia,Mihail 'Dosia' Stolyarov,735,https://www.hltv.org/player/735/dosia
paz,Ahmet 'paz' Karahoca,9353,https://www.hltv.org/player/9353/paz
MAJ3R,Engin 'MAJ3R' KÃ¼peli,150,https://www.hltv.org/player/150/maj3r
Calyx,BuÄŸra 'Calyx' ArkÄ±n,8575,https://www.hltv.org/player/8575/calyx
jdm64,Josh 'jdm64' Marzano,8346,https://www.hltv.org/player/8346/jdm64
mou,Rustem 'mou' Telepov,964,https://www.hltv.org/player/964/mou
MSL,Mathias 'MSL' Lauridsen,7156,https://www.hltv.org/player/7156/msl
LEGIJA,Nikola 'LEGIJA' NiniÄ‡,3252,https://www.hltv.org/player/3252/legija
keev,Kevin 'keev' BartholomÃ¤us,5799,https://www.hltv.org/player/5799/keev
keshandr,Sergey 'keshandr' Nikishin,8788,https://www.hltv.org/player/8788/keshandr
ngiN,Ilya 'Ganginho' Chernichenko,19913,https://www.hltv.org/player/19913/ganginho
mir,Nikolay 'mir' Bityukov,8789,https://www.hltv.org/player/8789/mir
cajunb,RenÃ© 'cajunb' Borg,2469,https://www.hltv.org/player/2469/cajunb
byali,PaweÅ‚ 'byali' BieliÅ„ski,5386,https://www.hltv.org/player/5386/byali
TaZ,Wiktor 'TaZ' Wojtas,161,https://www.hltv.org/player/161/taz
pashaBiceps,JarosÅ‚aw 'pashaBiceps' JarzÄ…bkowski,317,https://www.hltv.org/player/317/pashabiceps
kNgV-,Vito 'kNgV-' Giuseppe,5736,https://www.hltv.org/player/5736/kngv
HEN1,Henrique 'HEN1' Teles,8565,https://www.hltv.org/player/8565/hen1
zehN,Jesse 'zehN' Linjala,1378,https://www.hltv.org/player/1378/zehn
denis,Denis 'denis' Howell,7511,https://www.hltv.org/player/7511/denis
wayLander,Jan 'wayLander' Rahkonen,7796,https://www.hltv.org/player/7796/waylander
steel,Lucas 'steel' Lopes,7382,https://www.hltv.org/player/7382/steel
HS,Kevin 'HS' Tarn,8994,https://www.hltv.org/player/8994/hs
kRYSTAL,Kevin 'kRYSTAL' Amend,7218,https://www.hltv.org/player/7218/krystal
markeloff,Yegor 'markeloff' Markelov,338,https://www.hltv.org/player/338/markeloff
loWel,Christian 'loWel' Garcia Antoran,3997,https://www.hltv.org/player/3997/lowel
WorldEdit,Georgi 'WorldEdit' Yaskin,7403,https://www.hltv.org/player/7403/worldedit
innocent,PaweÅ‚ 'innocent' Mocek,3669,https://www.hltv.org/player/3669/innocent
seized,Denis 'seized' Kostin,3347,https://www.hltv.org/player/3347/seized
shroud,Mike 'shroud' Grzesiek,8349,https://www.hltv.org/player/8349/shroud
B1ad3,Andrey 'B1ad3' Gorodenskiy,472,https://www.hltv.org/player/472/b1ad3
fox,Ricardo 'fox' Pacheco,629,https://www.hltv.org/player/629/fox
twist,Simon 'twist' Eliasson,7443,https://www.hltv.org/player/7443/twist
Pimp,Jacob 'Pimp' Winneche,7154,https://www.hltv.org/player/7154/pimp
RUBINO,Ruben 'RUBINO' Villarroel,1485,https://www.hltv.org/player/1485/rubino
mixwell,Oscar 'mixwell' CaÃ±ellas,8370,https://www.hltv.org/player/8370/mixwell
znajder,Andreas 'znajder' Lindberg,3847,https://www.hltv.org/player/3847/znajder
Hiko,Spencer 'Hiko' Martin,2644,https://www.hltv.org/player/2644/hiko
Happy,Vincent 'Happy' Schopenhauer,7429,https://www.hltv.org/player/7429/happy
Zero,Patrik 'Zero' Žúdel,8413,https://www.hltv.org/player/8413/zero
disco doplan,Joakim 'disco doplan' Gidetun,9256,https://www.hltv.org/player/9256/disco-doplan
SIXER,Christophe 'SIXER' Xia,147,https://www.hltv.org/player/147/sixer
ScreaM,Adil 'ScreaM' Benrlitom,7390,https://www.hltv.org/player/7390/scream
pronax,Markus 'pronax' Wallsten,41,https://www.hltv.org/player/41/pronax
Spiidi,Timo 'Spiidi' Richter,7499,https://www.hltv.org/player/7499/spiidi
pyth,Jacob 'pyth' MourujÃ¤rvi,7527,https://www.hltv.org/player/7527/pyth
hazed,James 'hazed' Cobb,8347,https://www.hltv.org/player/8347/hazed
spaze,Ivan 'spaze' Obrezhan,8345,https://www.hltv.org/player/8345/spaze
TENZKI,Jesper 'TENZKI' Plougmann,5287,https://www.hltv.org/player/5287/tenzki
pita,Faruk 'pita' Pita,434,https://www.hltv.org/player/434/pita
Shara,Oleksandr 'Shara' Hordieyev,1866,https://www.hltv.org/player/1866/shara
friberg,Adam 'friberg' Friberg,7148,https://www.hltv.org/player/7148/friberg
reltuC,Stephen 'reltuC' Cutler,8137,https://www.hltv.org/player/8137/reltuc
hooch,Dmitry 'hooch' Bogdanov,499,https://www.hltv.org/player/499/hooch
zonic,Danny 'zonic' SÃ¸rensen,21,https://www.hltv.org/player/21/zonic
koosta,Kenneth 'koosta' Suen,9056,https://www.hltv.org/player/9056/koosta
DEVIL,Timothée 'DEVIL' Démolon,8569,https://www.hltv.org/player/8569/devil
adreN,Dauren 'AdreN' Kystaubayev,334,https://www.hltv.org/player/334/adren
DAVEY,David 'DAVEY' Stafford,8508,https://www.hltv.org/player/8508/davey
Maikelele,Mikail 'Maikelele' Bill,1045,https://www.hltv.org/player/1045/maikelele
THREAT,BjÃ¶rn 'THREAT' Pers,37,https://www.hltv.org/player/37/threat
arya,Arya 'arya' Hekmat,6453,https://www.hltv.org/player/6453/arya
Professor_Chaos,Andrew 'Professor_Chaos' Heintz,8912,https://www.hltv.org/player/8912/professor-chaos
freakazoid,Ryan 'freakazoid' Abadir,7808,https://www.hltv.org/player/7808/freakazoid
jasonR,Jason 'jasonR' Ruchelski,8794,https://www.hltv.org/player/8794/jasonr
abE,Abraham 'abE' Fazli,8502,https://www.hltv.org/player/8502/abe
Furlan,Damian 'Furlan' Kislowski,8327,https://www.hltv.org/player/8327/furlan
seang@res,Sean 'seang@res' Gares,1916,https://www.hltv.org/player/1916/seangres
Hyper,Bartosz 'Hyper' Wolny,20435,https://www.hltv.org/player/7368/hyper
GruBy,Dominik 'GruBy' Swiderski,8570,https://www.hltv.org/player/8570/gruby
FNS,Pujan 'FNS' Mehta,6451,https://www.hltv.org/player/6451/fns
peet,Piotr 'peet' Ä†wikliÅ„ski,7369,https://www.hltv.org/player/7369/peet
DavCost,Vadim 'DavCost' Vasilyev,8124,https://www.hltv.org/player/8124/davcost
USTILO,Karlo 'USTILO' Pivac,8771,https://www.hltv.org/player/8771/ustilo
SPUNJ,Chad 'SPUNJ' Burchill,8085,https://www.hltv.org/player/8085/spunj
Maniac,Mathieu 'Maniac' Quiquerez,823,https://www.hltv.org/player/823/maniac
emagine,Chris 'emagine' Rowlands,8744,https://www.hltv.org/player/8744/emagine
yam,Yaman 'yam' Ergenekon,2555,https://www.hltv.org/player/2555/yam
Havoc,Luke 'Havoc' Paton,8083,https://www.hltv.org/player/8083/havoc
James,James 'James' Quinn,8746,https://www.hltv.org/player/8746/james
SnypeR,Iain 'SnypeR' Turner,8084,https://www.hltv.org/player/8084/snyper
SEMPHIS,Kory 'SEMPHIS' Friesen,1915,https://www.hltv.org/coach/1915/semphis
topguN,Azad 'topguN' Orami,8086,https://www.hltv.org/player/8086/topgun
disturbed,Taneli 'disturbed' Veikkola,7235,https://www.hltv.org/player/7235/disturbed
zEVES,Morten 'zEVES' Vollan,3018,https://www.hltv.org/player/3018/zeves
kUcheR,Emil 'kUcheR' Akhundov,302,https://www.hltv.org/player/302/kucher
Troubley,Tobias 'Troubley' Tabbert,128,https://www.hltv.org/player/128/troubley
KHRN,Jesse 'KHRN' Grandell,971,https://www.hltv.org/player/971/khrn
ptr,Peter 'ptr' Gurney,8707,https://www.hltv.org/player/8707/ptr
Polly,PÃ¥l 'Polly' Kammen,3631,https://www.hltv.org/player/3631/polly
xartE,Mikko 'xartE' VÃ¤limaa,7537,https://www.hltv.org/player/7537/xarte
starix,Sergey 'starix' Ischuk,303,https://www.hltv.org/player/303/starix
zqkS,Caio 'zqkS' Fonseca,7383,https://www.hltv.org/player/7383/zqks
stonde,Tom 'stonde' Glad,7238,https://www.hltv.org/player/7238/stonde
natu,Joona 'natu' LeppÃ¤nen,713,https://www.hltv.org/player/713/natu
swag,Braxton 'swag' Pierce,5021,https://www.hltv.org/player/5021/swag
berg,Adam 'friberg' Friberg,7148,https://www.hltv.org/player/7148/friberg
desi,Derek 'desi' Branchen,8350,https://www.hltv.org/player/8350/desi
BENDJI,Benjamin 'BENDJI' SÃ¶derena,8396,https://www.hltv.org/player/8396/bendji
zende,Erik 'zende' Sundeqvist,5045,https://www.hltv.org/player/5045/zende
SZPERO,Grzegorz 'SZPERO' DziamaÅ‚ek,973,https://www.hltv.org/player/973/szpero
FeTiSh,Henrik 'FeTiSh' Christensen,7582,https://www.hltv.org/player/7582/fetish
AcilioN,Asger 'AcilioN' Larsen,8151,https://www.hltv.org/player/8151/acilion
mouz,MikoÅ‚aj 'mouz' Karolewski,8323,https://www.hltv.org/player/8323/mouz
AZK,Keven 'AZK' Lariviere,7434,https://www.hltv.org/player/7434/azk
fel1x,Felix 'fel1x' Zech,7323,https://www.hltv.org/player/7323/fel1x
strux1,Hendrik 'strux1' Goetzendorff,7214,https://www.hltv.org/player/7214/strux1
MINISE,Jacek 'MINISE' Jeziak,2826,https://www.hltv.org/player/2826/minise
Friis,Michael 'Friis' JÃ¸rgensen,7,https://www.hltv.org/player/7/friis
blackpoisoN,Roberto 'blackpoisoN' Dall'Occo,7992,https://www.hltv.org/player/7992/blackpoison
HUNDEN,Nicolai 'HUNDEN' Petersen,7415,https://www.hltv.org/player/7415/hunden
dumz,Miran 'dumz' MatkoviÄ‡,7958,https://www.hltv.org/player/7958/dumz
stavros,Dimitrios 'stavros' Smoilis,7246,https://www.hltv.org/player/7246/stavros
alexRr,Alexander 'alexRr' Frisch,7508,https://www.hltv.org/player/7508/alexrr
r0bs3n,Robin 'r0bs3n' Stephan,7232,https://www.hltv.org/player/7232/r0bs3n
smF,Danni 'smF' Dyg,7414,https://www.hltv.org/player/7414/smf
racno,Dane 'racno' Friedman,7995,https://www.hltv.org/player/7995/racno
Detrony,Dimitri 'Detrony' Hadjipaschali,7993,https://www.hltv.org/player/7993/detrony
cent,Andreas 'cent' Hadjipaschali,7991,https://www.hltv.org/player/7991/cent
deviaNt,Richard 'deviaNt' Groves,7994,https://www.hltv.org/player/7994/deviant
KQLY,Hovik 'KQLY' Tovmassian,7833,https://www.hltv.org/player/7833/kqly
Nico,Nico 'nicoodoz' Tamjidi,13602,https://www.hltv.org/player/13602/nicoodoz
Sf,Sean 'Gratisfaction' Kaiwai,9686,https://www.hltv.org/player/9686/gratisfaction
fxy0,Joey 'fxy0' Schlosser,7708,https://www.hltv.org/player/7708/fxy0
GMX,Robin 'GMX' Stahmer,7565,https://www.hltv.org/player/7565/gmx
Uzzziii,Kevin 'Uzzziii' Vernel,7391,https://www.hltv.org/player/7391/uzzziii
Ace,Tejas 'Ace' Sawant,7816,https://www.hltv.org/player/7816/ace
Fifflaren,Robin 'Fifflaren' Johansson,7147,https://www.hltv.org/player/7147/fifflaren
RiTz,Ritesh 'RiTz' Shah,2570,https://www.hltv.org/player/2570/ritz
DaZeD,Sam 'DaZeD' Marine,7347,https://www.hltv.org/player/7347/dazed
astaRR,Ayush 'astaRR' Deora,7815,https://www.hltv.org/player/7815/astarr
RiX,Aakash 'RiX' More,2054,https://www.hltv.org/player/2054/rix
ub1que,Alexey 'ub1que' Polivanov,7405,https://www.hltv.org/player/7405/ub1que
MithilF,Mithil 'MithilF' Sawant,7817,https://www.hltv.org/player/7817/mithilf
Skurk,Bjoern 'Skurk' Maaren,5042,https://www.hltv.org/player/5042/skurk
prb,Preben 'prb' GammelsÃ¦ter,1040,https://www.hltv.org/player/1040/prb
EXR,Nikolaj 'EXR' Therkildsen,2881,https://www.hltv.org/player/2881/exr
raalz,Rasmus 'raalz' Steensborg,2898,https://www.hltv.org/player/2898/raalz
cype,Isak 'cype' Rydman,7445,https://www.hltv.org/player/7445/cype
anger,Todd 'anger' Williams,7438,https://www.hltv.org/player/7438/anger
Devilwalk,Jonatan 'Devilwalk' Lundberg,7378,https://www.hltv.org/player/7378/devilwalk
HaRts,Michael 'HaRts' Zanatta,156,https://www.hltv.org/player/156/harts
LOMME,Frederik 'LOMME' Nielsen,1889,https://www.hltv.org/player/1889/lomme
COLON,Morten 'COLON' Johansen,515,https://www.hltv.org/player/515/colon
SKYTTEN,Alexander 'SKYTTEN' Carlsson,2398,https://www.hltv.org/player/2398/skytten
Delpan,Marcus 'Delpan' Larsson,438,https://www.hltv.org/player/438/delpan
ceh9,Arseny 'ceh9' Trynozhenko,301,https://www.hltv.org/player/301/ceh9
centeks,Stian 'centeks' Ledal,7262,https://www.hltv.org/player/7262/centeks
ultra,Mikael 'ultra' Andersen,3919,https://www.hltv.org/player/3919/ultra
ioRek,Jeremy 'ioRek' Vuillermet,157,https://www.hltv.org/player/157/iorek
xelos,Jerry 'xelos' RÃ¥berg,5373,https://www.hltv.org/player/5373/xelos
MODDII,Andreas 'MODDII' Fridh,545,https://www.hltv.org/player/545/moddii
robiin,Robin 'robiin' SjÃ¶gren,7700,https://www.hltv.org/player/7700/robiin
